Survived,Pclass,Age,Fare,Family,Is_alone,Sex_female,Sex_male,Embarked_C,Embarked_Q,Embarked_S,Name_Info_Master.,Name_Info_Miss.,Name_Info_Mr.,Name_Info_Mrs.,Name_Info_Other.
0,3,22,7,1,1,0,1,0,0,1,0,0,1,0,0
1,1,38,71,1,1,1,0,1,0,0,0,0,0,1,0
1,3,26,7,0,0,1,0,0,0,1,0,1,0,0,0
1,1,35,53,1,1,1,0,0,0,1,0,0,0,1,0
0,3,35,8,0,0,0,1,0,0,1,0,0,1,0,0
0,3,29,8,0,0,0,1,0,1,0,0,0,1,0,0
0,1,54,51,0,0,0,1,0,0,1,0,0,1,0,0
0,3,2,21,4,1,0,1,0,0,1,1,0,0,0,0
1,3,27,11,2,1,1,0,0,0,1,0,0,0,1,0
1,2,14,30,1,1,1,0,1,0,0,0,0,0,1,0
1,3,4,16,2,1,1,0,0,0,1,0,1,0,0,0
1,1,58,26,0,0,1,0,0,0,1,0,1,0,0,0
0,3,20,8,0,0,0,1,0,0,1,0,0,1,0,0
0,3,39,31,6,1,0,1,0,0,1,0,0,1,0,0
0,3,14,7,0,0,1,0,0,0,1,0,1,0,0,0
1,2,55,16,0,0,1,0,0,0,1,0,0,0,1,0
0,3,2,29,5,1,0,1,0,1,0,1,0,0,0,0
1,2,29,13,0,0,0,1,0,0,1,0,0,1,0,0
0,3,31,18,1,1,1,0,0,0,1,0,0,0,1,0
1,3,29,7,0,0,1,0,1,0,0,0,0,0,1,0
0,2,35,26,0,0,0,1,0,0,1,0,0,1,0,0
1,2,34,13,0,0,0,1,0,0,1,0,0,1,0,0
1,3,15,8,0,0,1,0,0,1,0,0,1,0,0,0
1,1,28,35,0,0,0,1,0,0,1,0,0,1,0,0
0,3,8,21,4,1,1,0,0,0,1,0,1,0,0,0
1,3,38,31,6,1,1,0,0,0,1,0,0,0,1,0
0,3,29,7,0,0,0,1,1,0,0,0,0,1,0,0
0,1,19,263,5,1,0,1,0,0,1,0,0,1,0,0
1,3,29,7,0,0,1,0,0,1,0,0,1,0,0,0
0,3,29,7,0,0,0,1,0,0,1,0,0,1,0,0
0,1,40,27,0,0,0,1,1,0,0,0,0,0,0,1
1,1,29,146,1,1,1,0,1,0,0,0,0,0,1,0
1,3,29,7,0,0,1,0,0,1,0,0,1,0,0,0
0,2,66,10,0,0,0,1,0,0,1,0,0,1,0,0
0,1,28,82,1,1,0,1,1,0,0,0,0,1,0,0
0,1,42,52,1,1,0,1,0,0,1,0,0,1,0,0
1,3,29,7,0,0,0,1,1,0,0,0,0,1,0,0
0,3,21,8,0,0,0,1,0,0,1,0,0,1,0,0
0,3,18,18,2,1,1,0,0,0,1,0,1,0,0,0
1,3,14,11,1,1,1,0,1,0,0,0,1,0,0,0
0,3,40,9,1,1,1,0,0,0,1,0,0,0,1,0
0,2,27,21,1,1,1,0,0,0,1,0,0,0,1,0
0,3,29,7,0,0,0,1,1,0,0,0,0,1,0,0
1,2,3,41,3,1,1,0,1,0,0,0,1,0,0,0
1,3,19,7,0,0,1,0,0,1,0,0,1,0,0,0
0,3,29,8,0,0,0,1,0,0,1,0,0,1,0,0
0,3,29,15,1,1,0,1,0,1,0,0,0,1,0,0
1,3,29,7,0,0,1,0,0,1,0,0,1,0,0,0
0,3,29,21,2,1,0,1,1,0,0,0,0,1,0,0
0,3,18,17,1,1,1,0,0,0,1,0,0,0,1,0
0,3,7,39,5,1,0,1,0,0,1,1,0,0,0,0
0,3,21,7,0,0,0,1,0,0,1,0,0,1,0,0
1,1,49,76,1,1,1,0,1,0,0,0,0,0,1,0
1,2,29,26,1,1,1,0,0,0,1,0,0,0,1,0
0,1,65,61,1,1,0,1,1,0,0,0,0,1,0,0
1,1,29,35,0,0,0,1,0,0,1,0,0,1,0,0
1,2,21,10,0,0,1,0,0,0,1,0,1,0,0,0
0,3,28,7,0,0,0,1,1,0,0,0,0,1,0,0
1,2,5,27,3,1,1,0,0,0,1,0,1,0,0,0
0,3,11,46,7,1,0,1,0,0,1,1,0,0,0,0
0,3,22,7,0,0,0,1,1,0,0,0,0,1,0,0
1,1,38,80,0,0,1,0,0,0,1,0,1,0,0,0
0,1,45,83,1,1,0,1,0,0,1,0,0,1,0,0
0,3,4,27,5,1,0,1,0,0,1,1,0,0,0,0
0,1,29,27,0,0,0,1,1,0,0,0,0,1,0,0
1,3,29,15,2,1,0,1,1,0,0,1,0,0,0,0
1,2,29,10,0,0,1,0,0,0,1,0,0,0,1,0
0,3,19,8,0,0,0,1,0,0,1,0,0,1,0,0
1,3,17,7,6,1,1,0,0,0,1,0,1,0,0,0
0,3,26,8,2,1,0,1,0,0,1,0,0,1,0,0
0,2,32,10,0,0,0,1,0,0,1,0,0,1,0,0
0,3,16,46,7,1,1,0,0,0,1,0,1,0,0,0
0,2,21,73,0,0,0,1,0,0,1,0,0,1,0,0
0,3,26,14,1,1,0,1,1,0,0,0,0,1,0,0
1,3,32,56,0,0,0,1,0,0,1,0,0,1,0,0
0,3,25,7,0,0,0,1,0,0,1,0,0,1,0,0
0,3,29,7,0,0,0,1,0,0,1,0,0,1,0,0
0,3,29,8,0,0,0,1,0,0,1,0,0,1,0,0
1,2,0,29,2,1,0,1,0,0,1,1,0,0,0,0
1,3,30,12,0,0,1,0,0,0,1,0,1,0,0,0
0,3,22,9,0,0,0,1,0,0,1,0,0,1,0,0
1,3,29,9,0,0,0,1,0,0,1,0,0,1,0,0
1,3,29,7,0,0,1,0,0,1,0,0,1,0,0,0
0,1,28,47,0,0,0,1,0,0,1,0,0,1,0,0
1,2,17,10,0,0,1,0,0,0,1,0,1,0,0,0
1,3,33,15,3,1,1,0,0,0,1,0,0,0,1,0
0,3,16,34,4,1,0,1,0,0,1,0,0,1,0,0
0,3,29,8,0,0,0,1,0,0,1,0,0,1,0,0
1,1,23,263,5,1,1,0,0,0,1,0,1,0,0,0
0,3,24,8,0,0,0,1,0,0,1,0,0,1,0,0
0,3,29,8,0,0,0,1,0,0,1,0,0,1,0,0
0,3,20,7,0,0,0,1,0,0,1,0,0,1,0,0
0,1,46,61,1,1,0,1,0,0,1,0,0,1,0,0
0,3,26,20,3,1,0,1,0,0,1,0,0,1,0,0
0,3,59,7,0,0,0,1,0,0,1,0,0,1,0,0
0,3,29,8,0,0,0,1,0,0,1,0,0,1,0,0
0,1,71,34,0,0,0,1,1,0,0,0,0,1,0,0
1,1,23,63,1,1,0,1,1,0,0,0,0,1,0,0
1,2,34,23,1,1,1,0,0,0,1,0,0,0,1,0
0,2,34,26,1,1,0,1,0,0,1,0,0,1,0,0
0,3,28,7,0,0,1,0,0,0,1,0,1,0,0,0
0,3,29,7,0,0,0,1,0,0,1,0,0,1,0,0
0,1,21,77,1,1,0,1,0,0,1,0,0,1,0,0
0,3,33,8,0,0,0,1,0,0,1,0,0,1,0,0
0,3,37,7,2,1,0,1,0,0,1,0,0,1,0,0
0,3,28,7,0,0,0,1,0,0,1,0,0,1,0,0
1,3,21,7,0,0,1,0,0,0,1,0,1,0,0,0
1,3,29,7,0,0,0,1,0,0,1,0,0,1,0,0
0,3,38,7,0,0,0,1,0,0,1,0,0,1,0,0
1,3,29,24,1,1,1,0,0,1,0,0,1,0,0,0
0,1,47,52,0,0,0,1,0,0,1,0,0,1,0,0
0,3,14,14,1,1,1,0,1,0,0,0,1,0,0,0
0,3,22,8,0,0,0,1,0,0,1,0,0,1,0,0
0,3,20,9,1,1,1,0,0,0,1,0,1,0,0,0
0,3,17,14,0,0,1,0,1,0,0,0,1,0,0,0
0,3,21,7,0,0,0,1,0,0,1,0,0,1,0,0
0,3,70,7,0,0,0,1,0,1,0,0,0,1,0,0
0,2,29,21,1,1,0,1,0,0,1,0,0,1,0,0
0,1,24,247,1,1,0,1,1,0,0,0,0,1,0,0
0,3,2,31,6,1,1,0,0,0,1,0,1,0,0,0
0,2,21,73,2,1,0,1,0,0,1,0,0,1,0,0
0,3,29,8,0,0,0,1,0,0,1,0,0,1,0,0
0,2,32,30,1,1,0,1,1,0,0,0,0,1,0,0
1,2,32,13,0,0,1,0,0,0,1,0,1,0,0,0
0,1,54,77,1,1,0,1,0,0,1,0,0,1,0,0
1,3,12,11,1,1,0,1,1,0,0,1,0,0,0,0
0,3,29,7,0,0,0,1,0,1,0,0,0,1,0,0
1,3,24,7,0,0,0,1,0,0,1,0,0,1,0,0
1,3,29,22,2,1,1,0,1,0,0,0,1,0,0,0
0,3,45,6,0,0,0,1,0,0,1,0,0,1,0,0
0,3,33,7,0,0,0,1,1,0,0,0,0,1,0,0
0,3,20,7,0,0,0,1,0,0,1,0,0,1,0,0
0,3,47,14,1,1,1,0,0,0,1,0,0,0,1,0
1,2,29,26,1,1,1,0,0,0,1,0,0,0,1,0
0,2,25,13,0,0,0,1,0,0,1,0,0,1,0,0
0,2,23,15,0,0,0,1,1,0,0,0,0,1,0,0
1,1,19,26,2,1,1,0,0,0,1,0,1,0,0,0
0,1,37,53,1,1,0,1,0,0,1,0,0,1,0,0
0,3,16,9,0,0,0,1,0,0,1,0,0,1,0,0
0,1,24,79,0,0,0,1,1,0,0,0,0,1,0,0
0,3,29,15,2,1,1,0,1,0,0,0,0,0,1,0
1,3,22,7,0,0,1,0,0,0,1,0,1,0,0,0
1,3,24,15,1,1,1,0,0,0,1,0,0,0,1,0
0,3,19,6,0,0,0,1,0,1,0,0,0,1,0,0
0,2,18,11,0,0,0,1,0,0,1,0,0,1,0,0
0,2,19,36,2,1,0,1,0,0,1,0,0,1,0,0
1,3,27,7,0,0,0,1,0,0,1,0,0,1,0,0
0,3,9,34,4,1,1,0,0,0,1,0,1,0,0,0
0,2,36,26,2,1,0,1,0,0,1,0,0,1,0,0
0,2,42,13,0,0,0,1,0,0,1,0,0,0,0,1
0,2,51,12,0,0,0,1,0,0,1,0,0,0,0,1
1,1,22,66,1,1,1,0,0,0,1,0,0,0,1,0
0,3,55,8,0,0,0,1,0,0,1,0,0,1,0,0
0,3,40,14,2,1,0,1,0,0,1,0,0,1,0,0
0,3,29,7,0,0,0,1,0,0,1,0,0,1,0,0
0,1,51,61,1,1,0,1,1,0,0,0,0,1,0,0
1,3,16,7,0,0,1,0,0,1,0,0,1,0,0,0
0,3,30,8,0,0,0,1,0,0,1,0,0,1,0,0
0,3,29,8,0,0,0,1,0,0,1,0,0,1,0,0
0,3,29,69,10,1,0,1,0,0,1,1,0,0,0,0
0,3,44,16,1,1,0,1,0,0,1,0,0,1,0,0
1,2,40,15,0,0,1,0,0,0,1,0,0,0,1,0
0,3,26,7,0,0,0,1,0,0,1,0,0,1,0,0
0,3,17,8,0,0,0,1,0,0,1,0,0,1,0,0
0,3,1,39,5,1,0,1,0,0,1,1,0,0,0,0
1,3,9,20,2,1,0,1,0,0,1,1,0,0,0,0
1,1,29,55,1,1,1,0,0,0,1,0,0,0,1,0
0,3,45,27,5,1,1,0,0,0,1,0,0,0,1,0
0,1,29,25,0,0,0,1,0,0,1,0,0,1,0,0
0,3,28,56,0,0,0,1,0,0,1,0,0,1,0,0
0,1,61,33,0,0,0,1,0,0,1,0,0,1,0,0
0,3,4,29,5,1,0,1,0,1,0,1,0,0,0,0
1,3,1,11,2,1,1,0,0,0,1,0,1,0,0,0
0,3,21,7,0,0,0,1,0,0,1,0,0,1,0,0
0,1,56,30,0,0,0,1,1,0,0,0,0,1,0,0
0,3,18,7,2,1,0,1,0,0,1,0,0,1,0,0
0,3,29,25,4,1,0,1,0,0,1,1,0,0,0,0
0,1,50,28,0,0,1,0,1,0,0,0,1,0,0,0
0,2,30,13,0,0,0,1,0,0,1,0,0,1,0,0
0,3,36,0,0,0,0,1,0,0,1,0,0,1,0,0
0,3,29,69,10,1,1,0,0,0,1,0,1,0,0,0
0,2,29,15,0,0,0,1,1,0,0,0,0,1,0,0
0,3,9,31,6,1,0,1,0,0,1,1,0,0,0,0
1,2,1,39,3,1,0,1,0,0,1,1,0,0,0,0
1,3,4,22,2,1,1,0,0,0,1,0,1,0,0,0
0,1,29,50,0,0,0,1,0,0,1,0,0,1,0,0
1,3,29,15,1,1,1,0,0,1,0,0,0,0,1,0
1,1,45,26,0,0,0,1,0,0,1,0,0,1,0,0
0,3,40,15,2,1,0,1,0,1,0,0,0,1,0,0
0,3,36,7,0,0,0,1,0,0,1,0,0,1,0,0
1,2,32,13,0,0,1,0,0,0,1,0,0,0,1,0
0,2,19,13,0,0,0,1,0,0,1,0,0,1,0,0
1,3,19,7,1,1,1,0,0,0,1,0,1,0,0,0
1,2,3,26,2,1,0,1,0,0,1,1,0,0,0,0
1,1,44,27,0,0,1,0,1,0,0,0,0,0,1,0
1,1,58,146,0,0,1,0,1,0,0,0,1,0,0,0
0,3,29,7,0,0,0,1,0,1,0,0,0,1,0,0
0,3,42,8,1,1,0,1,0,0,1,0,0,1,0,0
1,3,29,7,0,0,1,0,0,1,0,0,1,0,0,0
0,2,24,13,0,0,1,0,0,0,1,0,1,0,0,0
0,3,28,9,0,0,0,1,0,0,1,0,0,1,0,0
0,3,29,69,10,1,0,1,0,0,1,0,0,1,0,0
0,3,34,6,0,0,0,1,0,0,1,0,0,1,0,0
0,3,45,7,0,0,0,1,1,0,0,0,0,1,0,0
1,3,18,8,0,0,0,1,0,0,1,0,0,1,0,0
0,3,2,10,1,1,1,0,0,0,1,0,1,0,0,0
0,3,32,15,1,1,0,1,0,0,1,0,0,1,0,0
1,3,26,18,0,0,0,1,1,0,0,0,0,1,0,0
1,3,16,7,0,0,1,0,0,1,0,0,1,0,0,0
1,1,40,31,0,0,0,1,1,0,0,0,0,1,0,0
0,3,24,7,0,0,0,1,0,0,1,0,0,1,0,0
1,2,35,21,0,0,1,0,0,0,1,0,1,0,0,0
0,3,22,7,0,0,0,1,0,0,1,0,0,1,0,0
0,2,30,13,0,0,0,1,0,0,1,0,0,1,0,0
0,3,29,7,1,1,0,1,0,1,0,0,0,1,0,0
1,1,31,113,1,1,1,0,1,0,0,0,1,0,0,0
1,3,27,7,0,0,1,0,0,0,1,0,1,0,0,0
0,2,42,27,1,1,0,1,0,0,1,0,0,1,0,0
1,1,32,76,0,0,1,0,1,0,0,0,1,0,0,0
0,2,30,10,0,0,0,1,0,0,1,0,0,1,0,0
1,3,16,8,0,0,0,1,0,0,1,0,0,1,0,0
0,2,27,13,0,0,0,1,0,0,1,0,0,1,0,0
0,3,51,8,0,0,0,1,0,0,1,0,0,1,0,0
0,3,29,7,0,0,0,1,0,0,1,0,0,1,0,0
1,1,38,90,1,1,0,1,0,0,1,0,0,1,0,0
0,3,22,9,0,0,0,1,0,0,1,0,0,1,0,0
1,2,19,10,0,0,0,1,0,0,1,0,0,1,0,0
0,3,20,7,0,0,0,1,0,0,1,0,0,1,0,0
0,2,18,13,0,0,0,1,0,0,1,0,0,1,0,0
0,3,29,25,4,1,1,0,0,0,1,0,1,0,0,0
1,1,35,83,1,1,1,0,0,0,1,0,0,0,1,0
0,3,29,7,0,0,0,1,0,0,1,0,0,1,0,0
0,2,59,13,0,0,0,1,0,0,1,0,0,1,0,0
1,3,5,31,6,1,1,0,0,0,1,0,1,0,0,0
0,2,24,10,0,0,0,1,0,0,1,0,0,1,0,0
0,3,29,7,0,0,1,0,0,0,1,0,1,0,0,0
0,2,44,26,1,1,0,1,0,0,1,0,0,1,0,0
1,2,8,26,2,1,1,0,0,0,1,0,1,0,0,0
0,2,19,10,0,0,0,1,0,0,1,0,0,1,0,0
0,2,33,12,0,0,0,1,0,0,1,0,0,1,0,0
0,3,29,14,1,1,1,0,1,0,0,0,1,0,0,0
1,3,29,15,1,1,1,0,0,1,0,0,1,0,0,0
0,2,29,10,0,0,0,1,0,0,1,0,0,1,0,0
0,3,22,7,0,0,0,1,0,0,1,0,0,1,0,0
0,3,30,7,0,0,0,1,1,0,0,0,0,1,0,0
0,1,44,90,2,1,0,1,0,1,0,0,0,0,0,1
0,3,25,7,0,0,1,0,0,0,1,0,1,0,0,0
1,2,24,14,2,1,1,0,0,0,1,0,0,0,1,0
1,1,37,52,2,1,0,1,0,0,1,0,0,1,0,0
0,2,54,26,1,1,0,1,0,0,1,0,0,0,0,1
0,3,29,7,0,0,0,1,0,0,1,0,0,1,0,0
0,3,29,10,2,1,1,0,0,0,1,0,0,0,1,0
0,1,62,26,0,0,0,1,0,0,1,0,0,1,0,0
0,3,30,16,1,1,0,1,0,0,1,0,0,1,0,0
0,3,41,20,2,1,1,0,0,0,1,0,0,0,1,0
1,3,29,15,2,1,1,0,1,0,0,0,0,0,1,0
1,1,29,79,0,0,1,0,1,0,0,0,0,0,1,0
1,1,30,86,0,0,1,0,0,0,1,0,1,0,0,0
1,1,35,512,0,0,1,0,1,0,0,0,1,0,0,0
1,2,50,26,1,1,1,0,0,0,1,0,0,0,1,0
0,3,29,7,0,0,0,1,0,1,0,0,0,1,0,0
1,3,3,31,6,1,0,1,0,0,1,1,0,0,0,0
0,1,52,79,2,1,0,1,0,0,1,0,0,1,0,0
0,1,40,0,0,0,0,1,0,0,1,0,0,1,0,0
0,3,29,7,0,0,1,0,0,1,0,0,1,0,0,0
0,2,36,10,0,0,0,1,0,0,1,0,0,1,0,0
0,3,16,39,5,1,0,1,0,0,1,0,0,1,0,0
1,3,25,7,1,1,0,1,0,0,1,0,0,1,0,0
1,1,58,153,1,1,1,0,0,0,1,0,0,0,1,0
1,1,35,135,0,0,1,0,0,0,1,0,1,0,0,0
0,1,29,31,0,0,0,1,0,0,1,0,0,1,0,0
1,3,25,0,0,0,0,1,0,0,1,0,0,1,0,0
1,2,41,19,1,1,1,0,0,0,1,0,0,0,1,0
0,1,37,29,1,1,0,1,1,0,0,0,0,1,0,0
1,3,29,7,0,0,1,0,0,1,0,0,1,0,0,0
1,1,63,77,1,1,1,0,0,0,1,0,1,0,0,0
0,3,45,7,0,0,1,0,0,0,1,0,1,0,0,0
0,2,29,0,0,0,0,1,0,0,1,0,0,1,0,0
0,3,7,29,5,1,0,1,0,1,0,1,0,0,0,0
1,3,35,20,2,1,1,0,0,0,1,0,0,0,1,0
0,3,65,7,0,0,0,1,0,1,0,0,0,1,0,0
0,3,28,7,0,0,0,1,0,0,1,0,0,1,0,0
0,3,16,9,0,0,0,1,0,0,1,0,0,1,0,0
1,3,19,8,0,0,0,1,0,0,1,0,0,1,0,0
0,1,29,26,0,0,0,1,0,0,1,0,0,1,0,0
0,3,33,8,0,0,0,1,1,0,0,0,0,1,0,0
1,3,30,9,0,0,0,1,0,0,1,0,0,1,0,0
0,3,22,7,0,0,0,1,0,0,1,0,0,1,0,0
1,2,42,13,0,0,0,1,0,0,1,0,0,1,0,0
1,3,22,7,0,0,1,0,0,1,0,0,1,0,0,0
1,1,26,78,0,0,1,0,0,0,1,0,1,0,0,0
1,1,19,91,1,1,1,0,1,0,0,0,0,0,1,0
0,2,36,12,0,0,0,1,1,0,0,0,0,1,0,0
0,3,24,8,0,0,1,0,0,0,1,0,1,0,0,0
0,3,24,7,0,0,0,1,0,0,1,0,0,1,0,0
0,1,29,27,0,0,0,1,1,0,0,0,0,1,0,0
0,3,23,7,0,0,0,1,1,0,0,0,0,1,0,0
0,1,2,151,3,1,1,0,0,0,1,0,1,0,0,0
1,1,29,30,0,0,0,1,0,0,1,0,0,1,0,0
1,1,50,247,1,1,1,0,1,0,0,0,0,0,1,0
1,3,29,7,0,0,1,0,0,1,0,0,1,0,0,0
1,3,29,23,2,1,0,1,0,1,0,0,0,1,0,0
0,3,19,0,0,0,0,1,0,0,1,0,0,1,0,0
1,2,29,12,0,0,1,0,0,1,0,0,1,0,0,0
0,3,29,8,0,0,0,1,0,0,1,0,0,1,0,0
1,1,0,151,3,1,0,1,0,0,1,1,0,0,0,0
1,1,29,110,0,0,1,0,1,0,0,0,1,0,0,0
1,1,17,108,1,1,1,0,1,0,0,0,0,0,1,0
0,2,30,24,1,1,0,1,1,0,0,0,0,1,0,0
1,1,30,56,0,0,1,0,1,0,0,0,1,0,0,0
1,1,24,83,0,0,1,0,1,0,0,0,1,0,0,0
1,1,18,262,4,1,1,0,1,0,0,0,1,0,0,0
0,2,26,26,2,1,1,0,0,0,1,0,0,0,1,0
0,3,28,7,0,0,0,1,0,0,1,0,0,1,0,0
0,2,43,26,2,1,0,1,0,0,1,0,0,1,0,0
1,3,26,7,0,0,1,0,0,0,1,0,1,0,0,0
1,2,24,26,1,1,1,0,0,0,1,0,0,0,1,0
0,2,54,14,0,0,0,1,0,0,1,0,0,0,0,1
1,1,31,164,2,1,1,0,0,0,1,0,1,0,0,0
1,1,40,134,2,1,1,0,1,0,0,0,0,0,1,0
0,3,22,7,0,0,0,1,0,0,1,0,0,1,0,0
0,3,27,7,0,0,0,1,0,0,1,0,0,1,0,0
1,2,30,12,0,0,1,0,0,1,0,0,1,0,0,0
1,2,22,29,2,1,1,0,0,0,1,0,0,0,1,0
0,3,29,69,10,1,0,1,0,0,1,0,0,1,0,0
1,1,36,135,0,0,1,0,1,0,0,0,1,0,0,0
0,3,61,6,0,0,0,1,0,0,1,0,0,1,0,0
1,2,36,13,0,0,1,0,0,0,1,0,0,0,1,0
1,3,31,20,2,1,1,0,0,0,1,0,0,0,1,0
1,1,16,57,1,1,1,0,1,0,0,0,1,0,0,0
1,3,29,23,2,1,1,0,0,1,0,0,1,0,0,0
0,1,45,28,0,0,0,1,0,0,1,0,0,1,0,0
0,1,38,153,1,1,0,1,0,0,1,0,0,1,0,0
0,3,16,18,2,1,0,1,0,0,1,0,0,1,0,0
1,1,29,133,1,1,1,0,0,0,1,0,0,0,1,0
0,3,29,7,0,0,0,1,0,0,1,0,0,1,0,0
0,1,29,66,1,1,0,1,0,0,1,0,0,1,0,0
1,1,41,134,0,0,1,0,1,0,0,0,1,0,0,0
1,3,45,8,0,0,0,1,0,0,1,0,0,1,0,0
0,1,45,35,0,0,0,1,0,0,1,0,0,1,0,0
1,2,2,26,2,1,0,1,0,0,1,1,0,0,0,0
1,1,24,263,5,1,1,0,0,0,1,0,1,0,0,0
0,2,28,13,0,0,0,1,0,0,1,0,0,1,0,0
0,2,25,13,0,0,0,1,0,0,1,0,0,1,0,0
0,2,36,13,0,0,0,1,0,0,1,0,0,1,0,0
1,2,24,13,0,0,1,0,0,0,1,0,1,0,0,0
1,2,40,13,0,0,1,0,0,0,1,0,1,0,0,0
1,3,29,16,1,1,1,0,0,0,1,0,0,0,1,0
1,3,3,15,2,1,0,1,0,0,1,1,0,0,0,0
0,3,42,8,0,0,0,1,0,0,1,0,0,1,0,0
0,3,23,9,0,0,0,1,0,0,1,0,0,1,0,0
0,1,29,35,0,0,0,1,0,0,1,0,0,1,0,0
0,3,15,7,2,1,0,1,1,0,0,0,0,1,0,0
0,3,25,17,1,1,0,1,0,0,1,0,0,1,0,0
0,3,29,7,0,0,0,1,1,0,0,0,0,1,0,0
0,3,28,9,0,0,0,1,0,0,1,0,0,1,0,0
1,1,22,55,1,1,1,0,0,0,1,0,1,0,0,0
0,2,38,13,0,0,1,0,0,0,1,0,1,0,0,0
1,3,29,7,0,0,1,0,0,1,0,0,1,0,0,0
1,3,29,7,0,0,1,0,0,1,0,0,1,0,0,0
0,3,40,27,5,1,0,1,0,0,1,0,0,1,0,0
0,2,29,27,1,1,0,1,1,0,0,0,0,1,0,0
0,3,45,14,1,1,1,0,1,0,0,0,0,0,1,0
0,3,35,7,0,0,0,1,0,0,1,0,0,1,0,0
0,3,29,15,1,1,0,1,0,1,0,0,0,1,0,0
0,3,30,7,0,0,0,1,0,0,1,0,0,1,0,0
1,1,60,75,1,1,1,0,1,0,0,0,0,0,1,0
1,3,29,7,0,0,1,0,1,0,0,0,0,0,1,0
1,3,29,7,0,0,1,0,0,1,0,0,1,0,0,0
1,1,24,69,0,0,1,0,1,0,0,0,0,0,0,1
1,1,25,55,1,1,0,1,1,0,0,0,0,1,0,0
0,3,18,6,1,1,0,1,0,0,1,0,0,1,0,0
0,3,19,8,0,0,0,1,0,0,1,0,0,1,0,0
0,1,22,135,0,0,0,1,1,0,0,0,0,1,0,0
0,3,3,21,4,1,1,0,0,0,1,0,1,0,0,0
1,1,29,82,1,1,1,0,1,0,0,0,0,0,1,0
1,3,22,7,0,0,1,0,0,0,1,0,1,0,0,0
0,1,27,211,2,1,0,1,1,0,0,0,0,1,0,0
0,3,20,4,0,0,0,1,1,0,0,0,0,1,0,0
0,3,19,7,0,0,0,1,0,0,1,0,0,1,0,0
1,1,42,227,0,0,1,0,1,0,0,0,1,0,0,0
1,3,1,15,2,1,1,0,1,0,0,0,1,0,0,0
0,3,32,7,0,0,0,1,0,0,1,0,0,1,0,0
1,1,35,52,1,1,1,0,0,0,1,0,0,0,1,0
0,3,29,7,0,0,0,1,0,0,1,0,0,1,0,0
0,2,18,73,0,0,0,1,0,0,1,0,0,1,0,0
0,3,1,46,7,1,0,1,0,0,1,1,0,0,0,0
1,2,36,13,0,0,1,0,0,0,1,0,1,0,0,0
0,3,29,7,0,0,0,1,0,1,0,0,0,1,0,0
1,2,17,12,0,0,1,0,1,0,0,0,1,0,0,0
1,1,36,120,3,1,0,1,0,0,1,0,0,1,0,0
1,3,21,7,0,0,0,1,0,0,1,0,0,1,0,0
0,3,28,7,2,1,0,1,0,0,1,0,0,1,0,0
1,1,23,113,1,1,1,0,1,0,0,0,1,0,0,0
1,3,24,16,2,1,1,0,0,0,1,0,0,0,1,0
0,3,22,7,0,0,0,1,0,0,1,0,0,1,0,0
0,3,31,7,0,0,1,0,0,0,1,0,1,0,0,0
0,2,46,26,0,0,0,1,0,0,1,0,0,1,0,0
0,2,23,10,0,0,0,1,0,0,1,0,0,0,0,1
1,2,28,12,0,0,1,0,0,0,1,0,0,0,1,0
1,3,39,7,0,0,0,1,0,0,1,0,0,1,0,0
0,3,26,8,0,0,0,1,0,0,1,0,0,1,0,0
0,3,21,9,1,1,1,0,0,0,1,0,1,0,0,0
0,3,28,15,1,1,0,1,0,0,1,0,0,1,0,0
0,3,20,8,0,0,1,0,0,0,1,0,1,0,0,0
0,2,34,21,1,1,0,1,0,0,1,0,0,1,0,0
0,3,51,7,0,0,0,1,0,0,1,0,0,1,0,0
1,2,3,18,2,1,0,1,0,0,1,1,0,0,0,0
0,3,21,7,0,0,0,1,0,0,1,0,0,1,0,0
0,3,29,25,4,1,1,0,0,0,1,0,1,0,0,0
0,3,29,7,0,0,0,1,0,0,1,0,0,1,0,0
0,3,29,6,0,0,0,1,0,1,0,0,0,1,0,0
1,1,33,90,1,1,1,0,0,1,0,0,1,0,0,0
0,2,29,0,0,0,0,1,0,0,1,0,0,1,0,0
1,3,44,7,0,0,0,1,0,0,1,0,0,1,0,0
0,3,29,8,0,0,1,0,0,0,1,0,0,0,1,0
1,2,34,32,2,1,1,0,0,0,1,0,0,0,1,0
1,2,18,13,2,1,1,0,0,0,1,0,1,0,0,0
0,2,30,13,0,0,0,1,0,0,1,0,0,1,0,0
0,3,10,24,2,1,1,0,0,0,1,0,1,0,0,0
0,3,29,7,0,0,0,1,1,0,0,0,0,1,0,0
0,3,21,7,0,0,0,1,0,1,0,0,0,1,0,0
0,3,29,7,0,0,0,1,0,0,1,0,0,1,0,0
0,3,28,14,2,1,1,0,0,0,1,0,0,0,1,0
0,3,18,20,2,1,0,1,0,0,1,0,0,1,0,0
0,3,29,7,0,0,0,1,0,0,1,0,0,1,0,0
1,2,28,26,1,1,1,0,0,0,1,0,0,0,1,0
1,2,19,26,0,0,1,0,0,0,1,0,1,0,0,0
0,3,29,7,0,0,0,1,0,1,0,0,0,1,0,0
1,3,32,8,0,0,0,1,0,0,1,0,0,1,0,0
1,1,28,26,0,0,0,1,0,0,1,0,0,1,0,0
1,3,29,16,1,1,1,0,0,0,1,0,0,0,1,0
1,2,42,26,1,1,1,0,0,0,1,0,0,0,1,0
0,3,17,7,0,0,0,1,0,0,1,0,0,1,0,0
0,1,50,55,1,1,0,1,0,0,1,0,0,1,0,0
1,1,14,120,3,1,1,0,0,0,1,0,1,0,0,0
0,3,21,34,4,1,1,0,0,0,1,0,1,0,0,0
1,2,24,18,5,1,1,0,0,0,1,0,0,0,1,0
0,1,64,263,5,1,0,1,0,0,1,0,0,1,0,0
0,2,31,10,0,0,0,1,0,0,1,0,0,1,0,0
1,2,45,26,2,1,1,0,0,0,1,0,0,0,1,0
0,3,20,9,0,0,0,1,0,0,1,0,0,1,0,0
0,3,25,7,1,1,0,1,0,0,1,0,0,1,0,0
1,2,28,13,0,0,1,0,0,0,1,0,0,0,0,1
1,3,29,8,0,0,0,1,0,0,1,0,0,1,0,0
1,1,4,81,2,1,0,1,0,0,1,1,0,0,0,0
1,2,13,19,1,1,1,0,0,0,1,0,1,0,0,0
1,1,34,26,0,0,0,1,0,0,1,0,0,1,0,0
1,3,5,19,3,1,1,0,1,0,0,0,1,0,0,0
1,1,52,30,0,0,0,1,0,0,1,0,0,0,0,1
0,2,36,27,3,1,0,1,0,0,1,0,0,1,0,0
0,3,29,19,1,1,0,1,0,0,1,0,0,1,0,0
0,1,30,27,0,0,0,1,1,0,0,0,0,1,0,0
1,1,49,89,1,1,0,1,1,0,0,0,0,1,0,0
0,3,29,8,0,0,0,1,0,0,1,0,0,1,0,0
1,3,29,7,0,0,0,1,1,0,0,0,0,1,0,0
0,1,65,26,0,0,0,1,0,0,1,0,0,1,0,0
1,1,29,51,1,1,1,0,0,0,1,0,0,0,1,0
1,2,50,10,0,0,1,0,0,0,1,0,1,0,0,0
0,3,29,7,0,0,0,1,0,1,0,0,0,1,0,0
1,1,48,26,0,0,0,1,0,0,1,0,0,1,0,0
0,3,34,8,0,0,0,1,0,0,1,0,0,1,0,0
0,1,47,38,0,0,0,1,0,0,1,0,0,1,0,0
0,2,48,13,0,0,0,1,0,0,1,0,0,1,0,0
0,3,29,8,0,0,0,1,0,0,1,0,0,1,0,0
0,3,38,7,0,0,0,1,0,0,1,0,0,1,0,0
0,2,29,0,0,0,0,1,0,0,1,0,0,1,0,0
0,1,56,26,0,0,0,1,0,0,1,0,0,1,0,0
0,3,29,7,0,0,0,1,0,1,0,0,0,1,0,0
1,3,0,19,3,1,1,0,1,0,0,0,1,0,0,0
0,3,29,7,0,0,0,1,0,0,1,0,0,1,0,0
0,3,38,8,0,0,0,1,0,0,1,0,0,1,0,0
1,2,33,27,3,1,1,0,0,0,1,0,0,0,1,0
1,2,23,13,0,0,1,0,1,0,0,0,0,0,1,0
0,3,22,9,0,0,1,0,0,0,1,0,1,0,0,0
0,1,29,52,0,0,0,1,0,0,1,0,0,1,0,0
0,2,34,21,1,1,0,1,0,0,1,0,0,1,0,0
0,3,29,7,1,1,0,1,0,0,1,0,0,1,0,0
0,3,22,7,0,0,0,1,0,0,1,0,0,1,0,0
1,3,2,12,1,1,1,0,0,0,1,0,1,0,0,0
0,3,9,46,7,1,0,1,0,0,1,1,0,0,0,0
0,2,29,0,0,0,0,1,0,0,1,0,0,1,0,0
0,3,50,8,0,0,0,1,0,0,1,0,0,1,0,0
1,3,63,9,0,0,1,0,0,0,1,0,0,0,1,0
1,1,25,91,1,1,0,1,1,0,0,0,0,1,0,0
0,3,29,25,4,1,1,0,0,0,1,0,1,0,0,0
1,1,35,90,1,1,1,0,0,0,1,0,0,0,1,0
0,1,58,29,0,0,0,1,1,0,0,0,0,1,0,0
0,3,30,8,0,0,0,1,0,0,1,0,0,1,0,0
1,3,9,15,2,1,0,1,0,0,1,1,0,0,0,0
0,3,29,19,1,1,0,1,0,0,1,0,0,1,0,0
0,3,21,7,0,0,0,1,0,0,1,0,0,1,0,0
0,1,55,30,0,0,0,1,0,0,1,0,0,1,0,0
0,1,71,49,0,0,0,1,1,0,0,0,0,1,0,0
0,3,21,8,0,0,0,1,0,0,1,0,0,1,0,0
0,3,29,14,0,0,0,1,1,0,0,0,0,1,0,0
1,1,54,78,1,1,1,0,1,0,0,0,1,0,0,0
0,3,29,15,0,0,0,1,0,0,1,0,0,1,0,0
0,1,25,151,3,1,1,0,0,0,1,0,0,0,1,0
0,3,24,7,0,0,0,1,0,0,1,0,0,1,0,0
0,3,17,8,0,0,0,1,0,0,1,0,0,1,0,0
0,3,21,7,0,0,1,0,0,1,0,0,1,0,0,0
0,3,29,7,0,0,1,0,0,1,0,0,1,0,0,0
0,3,37,9,0,0,1,0,0,0,1,0,1,0,0,0
1,1,16,86,0,0,1,0,0,0,1,0,1,0,0,0
0,1,18,108,1,1,0,1,1,0,0,0,0,1,0,0
1,2,33,26,2,1,1,0,0,0,1,0,0,0,1,0
1,1,29,26,0,0,0,1,0,0,1,0,0,1,0,0
0,3,28,22,0,0,0,1,0,0,1,0,0,1,0,0
1,3,26,56,0,0,0,1,0,0,1,0,0,1,0,0
1,3,29,7,0,0,0,1,0,1,0,0,0,1,0,0
0,3,29,8,0,0,0,1,0,0,1,0,0,1,0,0
1,1,36,26,0,0,0,1,0,0,1,0,0,1,0,0
1,1,54,59,1,1,1,0,1,0,0,0,0,0,1,0
0,3,24,7,0,0,0,1,0,0,1,0,0,1,0,0
0,1,47,34,0,0,0,1,0,0,1,0,0,1,0,0
1,2,34,10,0,0,1,0,0,0,1,0,0,0,1,0
0,3,29,24,0,0,0,1,0,1,0,0,0,1,0,0
1,2,36,26,1,1,1,0,0,0,1,0,0,0,1,0
0,3,32,7,0,0,0,1,0,0,1,0,0,1,0,0
1,1,30,93,0,0,1,0,0,0,1,0,1,0,0,0
0,3,22,7,0,0,0,1,0,0,1,0,0,1,0,0
0,3,29,7,0,0,0,1,1,0,0,0,0,1,0,0
1,1,44,57,1,1,1,0,1,0,0,0,0,0,1,0
0,3,29,7,0,0,0,1,1,0,0,0,0,1,0,0
0,3,40,7,0,0,0,1,0,1,0,0,0,1,0,0
1,2,50,10,0,0,1,0,0,0,1,0,1,0,0,0
0,1,29,221,0,0,0,1,0,0,1,0,0,1,0,0
0,3,39,7,0,0,0,1,0,0,1,0,0,1,0,0
0,2,23,11,3,1,0,1,0,0,1,0,0,1,0,0
1,2,2,26,2,1,1,0,0,0,1,0,1,0,0,0
0,3,29,7,0,0,0,1,1,0,0,0,0,1,0,0
0,3,17,7,2,1,0,1,1,0,0,0,0,1,0,0
1,3,29,22,2,1,1,0,1,0,0,0,0,0,1,0
0,3,30,8,0,0,1,0,0,0,1,0,1,0,0,0
1,2,7,26,2,1,1,0,0,0,1,0,1,0,0,0
0,1,45,26,0,0,0,1,0,0,1,0,0,0,0,1
1,1,30,106,0,0,1,0,1,0,0,0,1,0,0,0
0,3,29,14,0,0,0,1,0,0,1,0,0,1,0,0
1,1,22,49,2,1,1,0,1,0,0,0,1,0,0,0
1,1,36,71,2,1,1,0,0,0,1,0,1,0,0,0
0,3,9,31,6,1,1,0,0,0,1,0,1,0,0,0
0,3,11,31,6,1,1,0,0,0,1,0,1,0,0,0
1,2,32,26,1,1,0,1,0,0,1,0,0,1,0,0
0,1,50,106,1,1,0,1,1,0,0,0,0,1,0,0
0,1,64,26,0,0,0,1,0,0,1,0,0,1,0,0
1,2,19,26,1,1,1,0,0,0,1,0,0,0,1,0
1,2,29,13,0,0,0,1,1,0,0,0,0,1,0,0
0,3,33,20,2,1,0,1,0,0,1,0,0,1,0,0
1,2,8,36,2,1,0,1,0,0,1,1,0,0,0,0
1,1,17,110,2,1,0,1,1,0,0,0,0,1,0,0
0,2,27,26,0,0,0,1,0,0,1,0,0,1,0,0
0,3,29,7,0,0,0,1,0,1,0,0,0,1,0,0
1,3,22,7,0,0,0,1,1,0,0,0,0,1,0,0
1,3,22,7,0,0,1,0,0,0,1,0,1,0,0,0
0,1,62,26,0,0,0,1,0,0,1,0,0,1,0,0
1,1,48,39,1,1,1,0,1,0,0,0,0,0,0,1
0,1,29,227,0,0,0,1,1,0,0,0,0,1,0,0
1,1,39,79,2,1,1,0,0,0,1,0,0,0,1,0
1,3,36,17,1,1,1,0,0,0,1,0,0,0,1,0
0,3,29,7,0,0,0,1,0,1,0,0,0,1,0,0
0,3,40,7,0,0,0,1,0,0,1,0,0,1,0,0
0,2,28,13,0,0,0,1,0,0,1,0,0,1,0,0
0,3,29,8,0,0,0,1,0,0,1,0,0,1,0,0
0,3,29,8,0,0,1,0,0,0,1,0,1,0,0,0
0,3,24,24,2,1,0,1,0,0,1,0,0,1,0,0
0,3,19,7,0,0,0,1,0,0,1,0,0,1,0,0
0,3,29,21,4,1,1,0,0,0,1,0,0,0,1,0
0,3,29,7,0,0,0,1,1,0,0,0,0,1,0,0
1,3,32,7,0,0,0,1,0,0,1,0,0,1,0,0
1,2,62,10,0,0,0,1,0,0,1,0,0,1,0,0
1,1,53,51,2,1,1,0,0,0,1,0,0,0,1,0
1,1,36,26,0,0,0,1,0,0,1,0,0,1,0,0
1,3,29,7,0,0,1,0,0,1,0,0,1,0,0,0
0,3,16,8,0,0,0,1,0,0,1,0,0,1,0,0
0,3,19,14,0,0,0,1,0,0,1,0,0,1,0,0
1,2,34,13,0,0,1,0,0,0,1,0,1,0,0,0
1,1,39,55,1,1,1,0,0,0,1,0,0,0,1,0
0,3,29,14,1,1,1,0,1,0,0,0,0,0,1,0
1,3,32,7,0,0,0,1,0,0,1,0,0,1,0,0
1,2,25,30,2,1,1,0,0,0,1,0,1,0,0,0
1,1,39,110,2,1,1,0,1,0,0,0,0,0,1,0
0,2,54,26,0,0,0,1,0,0,1,0,0,1,0,0
0,1,36,40,0,0,0,1,1,0,0,0,0,1,0,0
0,3,29,8,0,0,0,1,1,0,0,0,0,1,0,0
1,1,18,79,2,1,1,0,0,0,1,0,1,0,0,0
0,2,47,15,0,0,0,1,0,0,1,0,0,1,0,0
1,1,60,79,2,1,0,1,1,0,0,0,0,1,0,0
0,3,22,8,0,0,0,1,0,0,1,0,0,1,0,0
0,3,29,8,0,0,0,1,0,0,1,0,0,1,0,0
0,3,35,7,0,0,0,1,0,0,1,0,0,1,0,0
1,1,52,78,1,1,1,0,1,0,0,0,0,0,1,0
0,3,47,7,0,0,0,1,0,0,1,0,0,1,0,0
0,3,29,7,2,1,1,0,0,1,0,0,1,0,0,0
0,2,37,26,1,1,0,1,0,0,1,0,0,1,0,0
0,3,36,24,2,1,0,1,0,0,1,0,0,1,0,0
1,2,29,33,0,0,1,0,0,0,1,0,1,0,0,0
0,3,49,0,0,0,0,1,0,0,1,0,0,1,0,0
0,3,29,7,0,0,0,1,1,0,0,0,0,1,0,0
1,1,49,56,1,1,0,1,1,0,0,0,0,0,0,1
1,2,24,27,3,1,1,0,0,0,1,0,0,0,1,0
0,3,29,7,0,0,0,1,0,0,1,0,0,1,0,0
0,1,29,42,0,0,0,1,0,0,1,0,0,1,0,0
0,3,44,8,0,0,0,1,0,0,1,0,0,1,0,0
1,1,35,26,0,0,0,1,1,0,0,0,0,1,0,0
0,3,36,15,1,1,0,1,0,0,1,0,0,1,0,0
0,3,30,7,0,0,0,1,0,0,1,0,0,1,0,0
1,1,27,30,0,0,0,1,0,0,1,0,0,1,0,0
1,2,22,41,3,1,1,0,1,0,0,0,0,0,1,0
1,1,40,153,0,0,1,0,0,0,1,0,1,0,0,0
0,3,39,31,6,1,1,0,0,0,1,0,0,0,1,0
0,3,29,7,0,0,0,1,0,0,1,0,0,1,0,0
1,3,29,15,1,1,1,0,0,1,0,0,1,0,0,0
0,3,29,7,0,0,0,1,0,1,0,0,0,1,0,0
0,3,35,8,0,0,0,1,0,0,1,0,0,1,0,0
1,2,24,65,3,1,1,0,0,0,1,0,1,0,0,0
0,3,34,14,2,1,0,1,0,0,1,0,0,1,0,0
0,3,26,16,1,1,1,0,0,0,1,0,0,0,1,0
1,2,4,39,3,1,1,0,0,0,1,0,1,0,0,0
0,2,26,10,0,0,0,1,0,0,1,0,0,1,0,0
0,3,27,14,1,1,0,1,1,0,0,0,0,1,0,0
1,1,42,52,1,1,0,1,0,0,1,0,0,1,0,0
1,3,20,15,2,1,0,1,1,0,0,0,0,1,0,0
0,3,21,7,0,0,0,1,0,0,1,0,0,1,0,0
0,3,21,16,0,0,0,1,0,0,1,0,0,1,0,0
0,1,61,32,0,0,0,1,0,0,1,0,0,1,0,0
0,2,57,12,0,0,0,1,0,1,0,0,0,0,0,1
1,1,21,77,0,0,1,0,0,0,1,0,1,0,0,0
0,3,26,7,0,0,0,1,0,0,1,0,0,1,0,0
0,3,29,7,0,0,0,1,0,1,0,0,0,1,0,0
1,1,80,30,0,0,0,1,0,0,1,0,0,1,0,0
0,3,51,7,0,0,0,1,0,0,1,0,0,1,0,0
1,1,32,30,0,0,0,1,1,0,0,0,0,0,0,1
0,1,29,0,0,0,0,1,0,0,1,0,0,1,0,0
0,3,9,27,5,1,1,0,0,0,1,0,1,0,0,0
1,2,28,13,0,0,1,0,0,0,1,0,1,0,0,0
0,3,32,7,0,0,0,1,0,0,1,0,0,1,0,0
0,2,31,26,2,1,0,1,0,0,1,0,0,1,0,0
0,3,41,39,5,1,1,0,0,0,1,0,0,0,1,0
0,3,29,16,1,1,0,1,0,0,1,0,0,1,0,0
0,3,20,7,0,0,0,1,0,0,1,0,0,1,0,0
1,1,24,69,0,0,1,0,1,0,0,0,0,0,0,1
0,3,2,27,5,1,1,0,0,0,1,0,1,0,0,0
1,3,29,56,0,0,0,1,0,0,1,0,0,1,0,0
1,3,0,19,3,1,1,0,1,0,0,0,1,0,0,0
1,1,48,76,1,1,0,1,1,0,0,0,0,1,0,0
0,3,19,7,0,0,0,1,0,0,1,0,0,1,0,0
1,1,56,35,0,0,0,1,1,0,0,0,0,0,0,1
0,3,29,7,0,0,0,1,0,0,1,0,0,1,0,0
1,3,23,7,0,0,1,0,0,0,1,0,1,0,0,0
0,3,29,7,0,0,0,1,0,0,1,0,0,1,0,0
1,2,18,23,1,1,1,0,0,0,1,0,1,0,0,0
0,3,21,8,0,0,0,1,0,0,1,0,0,1,0,0
1,3,29,7,0,0,1,0,0,1,0,0,1,0,0,0
0,3,18,6,0,0,1,0,0,1,0,0,1,0,0,0
0,2,24,73,2,1,0,1,0,0,1,0,0,1,0,0
0,3,29,7,0,0,0,1,0,0,1,0,0,1,0,0
0,3,32,15,2,1,1,0,0,1,0,0,0,0,1,0
0,2,23,13,0,0,0,1,0,0,1,0,0,1,0,0
0,1,58,113,2,1,0,1,1,0,0,0,0,1,0,0
1,1,50,133,2,1,0,1,0,0,1,0,0,0,0,1
0,3,40,7,0,0,0,1,1,0,0,0,0,1,0,0
0,1,47,25,0,0,0,1,0,0,1,0,0,1,0,0
0,3,36,7,0,0,0,1,0,0,1,0,0,1,0,0
1,3,20,7,1,1,0,1,0,0,1,0,0,1,0,0
0,2,32,73,2,1,0,1,0,0,1,0,0,1,0,0
0,2,25,13,0,0,0,1,0,0,1,0,0,1,0,0
0,3,29,7,0,0,0,1,0,0,1,0,0,1,0,0
0,3,43,8,0,0,0,1,0,0,1,0,0,1,0,0
1,1,29,52,1,1,1,0,0,0,1,0,0,0,1,0
1,2,40,39,2,1,1,0,0,0,1,0,0,0,1,0
0,1,31,52,1,1,0,1,0,0,1,0,0,1,0,0
0,2,70,10,0,0,0,1,0,0,1,0,0,1,0,0
1,2,31,13,0,0,0,1,0,0,1,0,0,1,0,0
0,2,29,0,0,0,0,1,0,0,1,0,0,1,0,0
0,3,18,7,0,0,0,1,0,0,1,0,0,1,0,0
0,3,24,8,0,0,0,1,0,0,1,0,0,1,0,0
1,3,18,9,0,0,1,0,0,0,1,0,1,0,0,0
0,3,43,46,7,1,1,0,0,0,1,0,0,0,1,0
1,1,36,512,1,1,0,1,1,0,0,0,0,1,0,0
0,3,29,8,0,0,1,0,0,1,0,0,1,0,0,0
1,1,27,76,0,0,0,1,1,0,0,0,0,1,0,0
0,3,20,9,0,0,0,1,0,0,1,0,0,1,0,0
0,3,14,46,7,1,0,1,0,0,1,0,0,1,0,0
0,2,60,39,2,1,0,1,0,0,1,0,0,1,0,0
0,2,25,41,3,1,0,1,1,0,0,0,0,1,0,0
0,3,14,39,5,1,0,1,0,0,1,0,0,1,0,0
0,3,19,10,0,0,0,1,0,0,1,0,0,1,0,0
0,3,18,7,0,0,0,1,0,0,1,0,0,1,0,0
1,1,15,211,1,1,1,0,0,0,1,0,1,0,0,0
1,1,31,57,1,1,0,1,0,0,1,0,0,1,0,0
1,3,4,13,1,1,1,0,1,0,0,0,1,0,0,0
1,3,29,56,0,0,0,1,0,0,1,0,0,1,0,0
0,3,25,7,0,0,0,1,1,0,0,0,0,1,0,0
0,1,60,26,0,0,0,1,0,0,1,0,0,0,0,1
0,2,52,13,0,0,0,1,0,0,1,0,0,1,0,0
0,3,44,8,0,0,0,1,0,0,1,0,0,1,0,0
1,3,29,7,0,0,1,0,0,1,0,0,1,0,0,0
0,1,49,110,2,1,0,1,1,0,0,0,0,1,0,0
0,3,42,7,0,0,0,1,0,0,1,0,0,1,0,0
1,1,18,227,1,1,1,0,1,0,0,0,0,0,1,0
1,1,35,26,0,0,0,1,0,0,1,0,0,1,0,0
0,3,18,14,1,1,1,0,1,0,0,0,1,0,0,0
0,3,25,7,0,0,0,1,0,1,0,0,0,1,0,0
0,3,26,7,1,1,0,1,0,0,1,0,0,1,0,0
0,2,39,26,0,0,0,1,0,0,1,0,0,1,0,0
1,2,45,13,0,0,1,0,0,0,1,0,0,0,1,0
1,1,42,26,0,0,0,1,0,0,1,0,0,1,0,0
1,1,22,151,0,0,1,0,0,0,1,0,1,0,0,0
1,3,29,15,2,1,0,1,1,0,0,1,0,0,0,0
1,1,24,49,0,0,1,0,1,0,0,0,0,0,0,1
0,1,29,26,0,0,0,1,0,0,1,0,0,1,0,0
1,1,48,52,1,1,0,1,0,0,1,0,0,1,0,0
0,3,29,9,0,0,0,1,0,0,1,0,0,1,0,0
0,2,52,13,0,0,0,1,0,0,1,0,0,1,0,0
0,3,19,7,0,0,0,1,0,0,1,0,0,1,0,0
1,1,38,227,0,0,1,0,1,0,0,0,1,0,0,0
1,2,27,10,0,0,1,0,0,0,1,0,1,0,0,0
0,3,29,15,0,0,0,1,0,1,0,0,0,1,0,0
0,3,33,7,0,0,0,1,0,0,1,0,0,1,0,0
1,2,6,33,1,1,1,0,0,0,1,0,1,0,0,0
0,3,17,7,1,1,0,1,0,0,1,0,0,1,0,0
0,2,34,13,0,0,0,1,0,0,1,0,0,1,0,0
0,2,50,13,0,0,0,1,0,0,1,0,0,1,0,0
1,1,27,53,1,1,0,1,0,0,1,0,0,1,0,0
0,3,20,8,0,0,0,1,0,0,1,0,0,1,0,0
1,2,30,21,3,1,1,0,0,0,1,0,0,0,1,0
1,3,29,7,0,0,1,0,0,1,0,0,1,0,0,0
0,2,25,26,1,1,0,1,0,0,1,0,0,1,0,0
0,3,25,7,1,1,1,0,0,0,1,0,1,0,0,0
1,1,29,211,0,0,1,0,0,0,1,0,1,0,0,0
0,3,11,18,0,0,0,1,1,0,0,0,0,1,0,0
0,2,29,0,0,0,0,1,0,0,1,0,0,1,0,0
0,2,23,13,0,0,0,1,0,0,1,0,0,1,0,0
0,2,23,13,0,0,0,1,0,0,1,0,0,1,0,0
0,3,28,16,0,0,0,1,0,0,1,0,0,1,0,0
0,3,48,34,4,1,1,0,0,0,1,0,0,0,1,0
1,1,35,512,0,0,0,1,1,0,0,0,0,1,0,0
0,3,29,7,0,0,0,1,0,0,1,0,0,1,0,0
0,3,29,7,0,0,0,1,0,0,1,0,0,1,0,0
1,1,29,30,0,0,0,1,0,0,1,0,0,1,0,0
0,1,36,78,1,1,0,1,0,0,1,0,0,1,0,0
1,1,21,262,4,1,1,0,1,0,0,0,1,0,0,0
0,3,24,16,1,1,0,1,0,0,1,0,0,1,0,0
1,3,31,7,0,0,0,1,0,0,1,0,0,1,0,0
0,1,70,71,2,1,0,1,0,0,1,0,0,0,0,1
0,3,16,20,2,1,0,1,0,0,1,0,0,1,0,0
1,2,30,13,0,0,1,0,0,0,1,0,1,0,0,0
0,1,19,53,1,1,0,1,0,0,1,0,0,1,0,0
0,3,31,7,0,0,0,1,0,1,0,0,0,1,0,0
1,2,4,23,2,1,1,0,0,0,1,0,1,0,0,0
1,3,6,12,1,1,0,1,0,0,1,1,0,0,0,0
0,3,33,9,0,0,0,1,0,0,1,0,0,1,0,0
0,3,23,7,0,0,0,1,0,0,1,0,0,1,0,0
1,2,48,65,3,1,1,0,0,0,1,0,0,0,1,0
1,2,0,14,2,1,0,1,0,0,1,1,0,0,0,0
0,3,28,7,0,0,0,1,0,0,1,0,0,1,0,0
0,2,18,11,0,0,0,1,0,0,1,0,0,1,0,0
0,3,34,8,0,0,0,1,0,0,1,0,0,1,0,0
1,1,33,86,0,0,1,0,0,0,1,0,0,0,0,1
0,3,29,14,0,0,0,1,0,0,1,0,0,1,0,0
0,3,41,7,0,0,0,1,0,0,1,0,0,1,0,0
1,3,20,7,0,0,0,1,1,0,0,0,0,1,0,0
1,1,36,120,3,1,1,0,0,0,1,0,0,0,1,0
0,3,16,7,0,0,0,1,0,0,1,0,0,1,0,0
1,1,51,77,1,1,1,0,0,0,1,0,0,0,1,0
0,1,29,39,0,0,0,1,1,0,0,0,0,0,0,1
0,3,30,7,0,0,1,0,0,1,0,0,1,0,0,0
0,3,29,24,1,1,0,1,0,1,0,0,0,1,0,0
0,3,32,8,0,0,0,1,0,0,1,0,0,1,0,0
0,3,24,9,0,0,0,1,0,0,1,0,0,1,0,0
0,3,48,7,0,0,0,1,0,0,1,0,0,1,0,0
0,2,57,10,0,0,1,0,0,0,1,0,0,0,1,0
0,3,29,7,0,0,0,1,1,0,0,0,0,1,0,0
1,2,54,23,4,1,1,0,0,0,1,0,0,0,1,0
0,3,18,7,0,0,0,1,0,0,1,0,0,1,0,0
0,3,29,7,0,0,0,1,0,1,0,0,0,1,0,0
1,3,5,12,0,0,1,0,0,0,1,0,1,0,0,0
0,3,29,7,0,0,0,1,0,1,0,0,0,1,0,0
1,1,43,211,1,1,1,0,0,0,1,0,0,0,1,0
1,3,13,7,0,0,1,0,1,0,0,0,1,0,0,0
1,1,17,57,1,1,1,0,0,0,1,0,0,0,1,0
0,1,29,30,0,0,0,1,0,0,1,0,0,1,0,0
0,3,29,23,3,1,0,1,0,0,1,0,0,1,0,0
0,3,25,7,0,0,0,1,0,0,1,0,0,1,0,0
0,3,25,7,0,0,0,1,0,0,1,0,0,1,0,0
1,3,18,7,0,0,1,0,0,0,1,0,1,0,0,0
0,3,8,29,5,1,0,1,0,1,0,1,0,0,0,0
1,3,1,20,3,1,0,1,0,0,1,1,0,0,0,0
0,1,46,79,0,0,0,1,1,0,0,0,0,1,0,0
0,3,29,7,0,0,0,1,0,1,0,0,0,1,0,0
0,2,16,26,0,0,0,1,0,0,1,0,0,1,0,0
0,3,29,69,10,1,1,0,0,0,1,0,1,0,0,0
0,1,29,30,0,0,0,1,1,0,0,0,0,1,0,0
0,3,25,7,0,0,0,1,0,0,1,0,0,1,0,0
0,2,39,13,0,0,0,1,0,0,1,0,0,1,0,0
1,1,49,25,0,0,1,0,0,0,1,0,0,0,0,1
1,3,31,8,0,0,1,0,0,0,1,0,0,0,1,0
0,3,30,7,0,0,0,1,1,0,0,0,0,1,0,0
0,3,30,24,2,1,1,0,0,0,1,0,0,0,1,0
0,2,34,13,0,0,0,1,0,0,1,0,0,1,0,0
1,2,31,26,2,1,1,0,0,0,1,0,0,0,1,0
1,1,11,120,3,1,0,1,0,0,1,1,0,0,0,0
1,3,0,8,1,1,0,1,1,0,0,1,0,0,0,0
1,3,27,6,0,0,0,1,0,0,1,0,0,1,0,0
0,3,31,7,0,0,0,1,0,0,1,0,0,1,0,0
0,1,39,0,0,0,0,1,0,0,1,0,0,1,0,0
0,3,18,7,0,0,1,0,0,0,1,0,1,0,0,0
0,2,39,13,0,0,0,1,0,0,1,0,0,1,0,0
1,1,33,53,1,1,1,0,0,0,1,0,0,0,1,0
0,3,26,7,0,0,0,1,0,0,1,0,0,1,0,0
0,3,39,24,0,0,0,1,0,0,1,0,0,1,0,0
0,2,35,10,0,0,0,1,0,0,1,0,0,1,0,0
0,3,6,31,6,1,1,0,0,0,1,0,1,0,0,0
0,3,30,8,0,0,0,1,0,0,1,0,0,1,0,0
0,1,29,0,0,0,0,1,0,0,1,0,0,1,0,0
0,3,23,7,0,0,1,0,0,0,1,0,1,0,0,0
0,2,31,37,2,1,0,1,1,0,0,0,0,1,0,0
0,3,43,6,0,0,0,1,0,0,1,0,0,1,0,0
0,3,10,27,5,1,0,1,0,0,1,1,0,0,0,0
1,1,52,93,2,1,1,0,0,0,1,0,0,0,1,0
1,3,27,8,0,0,0,1,0,0,1,0,0,1,0,0
0,1,38,0,0,0,0,1,0,0,1,0,0,0,0,1
1,3,27,12,1,1,1,0,0,0,1,0,0,0,1,0
0,3,2,39,5,1,0,1,0,0,1,1,0,0,0,0
0,3,29,6,0,0,0,1,0,1,0,0,0,1,0,0
0,3,29,56,0,0,0,1,0,0,1,0,0,1,0,0
1,2,1,37,2,1,0,1,1,0,0,1,0,0,0,0
1,3,29,7,0,0,0,1,0,1,0,0,0,1,0,0
1,1,62,80,0,0,1,0,0,0,1,0,0,0,1,0
1,3,15,14,1,1,1,0,1,0,0,0,0,0,1,0
1,2,0,18,2,1,0,1,0,0,1,1,0,0,0,0
0,3,29,7,0,0,0,1,1,0,0,0,0,1,0,0
0,3,23,7,0,0,0,1,0,0,1,0,0,1,0,0
0,3,18,8,0,0,0,1,0,0,1,0,0,1,0,0
1,1,39,83,2,1,1,0,1,0,0,0,1,0,0,0
0,3,21,8,0,0,0,1,0,0,1,0,0,1,0,0
0,3,29,8,0,0,0,1,0,0,1,0,0,1,0,0
1,3,32,56,0,0,0,1,0,0,1,0,0,1,0,0
1,1,29,29,0,0,0,1,1,0,0,0,0,1,0,0
0,3,20,7,0,0,0,1,0,0,1,0,0,1,0,0
0,2,16,10,0,0,0,1,0,0,1,0,0,1,0,0
1,1,30,31,0,0,1,0,1,0,0,0,1,0,0,0
0,3,34,6,0,0,0,1,1,0,0,0,0,1,0,0
0,3,17,8,0,0,0,1,0,0,1,0,0,1,0,0
0,3,42,7,0,0,0,1,0,0,1,0,0,1,0,0
0,3,29,69,10,1,0,1,0,0,1,0,0,1,0,0
0,3,35,7,0,0,0,1,1,0,0,0,0,1,0,0
0,2,28,33,1,1,0,1,0,0,1,0,0,0,0,1
1,1,29,89,1,1,1,0,1,0,0,0,0,0,1,0
0,3,4,31,6,1,0,1,0,0,1,1,0,0,0,0
0,3,74,7,0,0,0,1,0,0,1,0,0,1,0,0
0,3,9,15,2,1,1,0,1,0,0,0,1,0,0,0
1,1,16,39,1,1,1,0,0,0,1,0,1,0,0,0
0,2,44,26,1,1,1,0,0,0,1,0,0,0,1,0
1,3,18,9,1,1,1,0,0,0,1,0,0,0,1,0
1,1,45,164,2,1,1,0,0,0,1,0,0,0,1,0
1,1,51,26,0,0,0,1,0,0,1,0,0,1,0,0
1,3,24,19,3,1,1,0,1,0,0,0,0,0,1,0
0,3,29,7,0,0,0,1,1,0,0,0,0,1,0,0
0,3,41,14,2,1,0,1,0,0,1,0,0,1,0,0
0,2,21,11,1,1,0,1,0,0,1,0,0,1,0,0
1,1,48,25,0,0,1,0,0,0,1,0,0,0,1,0
0,3,29,69,10,1,1,0,0,0,1,0,1,0,0,0
0,2,24,13,0,0,0,1,0,0,1,0,0,1,0,0
1,2,42,13,0,0,1,0,0,0,1,0,0,0,1,0
1,2,27,13,1,1,1,0,1,0,0,0,1,0,0,0
0,1,31,50,0,0,0,1,0,0,1,0,0,1,0,0
0,3,29,9,0,0,0,1,0,0,1,0,0,1,0,0
1,3,4,11,2,1,0,1,0,0,1,1,0,0,0,0
0,3,26,7,0,0,0,1,0,0,1,0,0,1,0,0
1,1,47,52,2,1,1,0,0,0,1,0,0,0,1,0
0,1,33,5,0,0,0,1,0,0,1,0,0,1,0,0
0,3,47,9,0,0,0,1,0,0,1,0,0,1,0,0
1,2,28,24,1,1,1,0,1,0,0,0,0,0,1,0
1,3,15,7,0,0,1,0,1,0,0,0,1,0,0,0
0,3,20,9,0,0,0,1,0,0,1,0,0,1,0,0
0,3,19,7,0,0,0,1,0,0,1,0,0,1,0,0
0,3,29,7,0,0,0,1,0,0,1,0,0,1,0,0
1,1,56,83,1,1,1,0,1,0,0,0,0,0,1,0
1,2,25,26,1,1,1,0,0,0,1,0,0,0,1,0
0,3,33,7,0,0,0,1,0,0,1,0,0,1,0,0
0,3,22,10,0,0,1,0,0,0,1,0,1,0,0,0
0,2,28,10,0,0,0,1,0,0,1,0,0,1,0,0
0,3,25,7,0,0,0,1,0,0,1,0,0,1,0,0
0,3,39,29,5,1,1,0,0,1,0,0,0,0,1,0
0,2,27,13,0,0,0,1,0,0,1,0,0,0,0,1
1,1,19,30,0,0,1,0,0,0,1,0,1,0,0,0
0,3,29,23,3,1,1,0,0,0,1,0,1,0,0,0
1,1,26,30,0,0,0,1,1,0,0,0,0,1,0,0
0,3,32,7,0,0,0,1,0,1,0,0,0,1,0,0
